Company,RMSE (Early Stopping),RMSE (No Early Stopping)
INFY_DATA,1.4187508727904268,1.4187508727904268
LTIM_DATA,5.075531276553413,5.075531276553413
TCS_DATA,2.9529040571266894,2.9529040571266894
WIPRO_DATA,0.48337456356564057,0.48337456356564057
PERSISTENT_DATA,5.15938939700842,5.15938939700842
