Company,RMSE (Early Stopping),RMSE (No Early Stopping)
INFY_DATA,1.380782584368968,1.380782584368968
LTIM_DATA,4.600272796177857,4.600272796177857
TCS_DATA,2.4675504364175516,2.4675504364175516
WIPRO_DATA,0.38849093968431353,0.38849093968431353
PERSISTENT_DATA,4.956129492610354,4.956129492610354
