Dataset,Train_RMSE,Test_RMSE
INFY_DATA,0.83201212448187,2.7614024956141003
LTIM_DATA,2.7895259949461377,40.175970075386026
TCS_DATA,1.7764282535998839,37.51420690391204
WIPRO_DATA,0.27517450733042764,244.64971679389066
PERSISTENT_DATA,3.1943527318987255,57.95719354470337
