Dataset,RMSE (Non-Lagged),RMSE (Lagged)
INFY_DATA,1.4079077524792014,1.2643093762366382
LTIM_DATA,4.215107864671855,4.538570740143756
TCS_DATA,2.8139920296806737,2.8937257847338445
WIPRO_DATA,0.42799719962062255,0.40912176491689395
PERSISTENT_DATA,4.7613170798938995,4.461131099639826
