Dataset,RMSE (Non-Lagged),RMSE (Lagged)
INFY_DATA,1.2263125031396516,1.582095096303814
LTIM_DATA,4.089180988066332,3.9940099077845006
TCS_DATA,2.4866928390758747,3.0325670708872967
WIPRO_DATA,0.38952593340460445,0.3887116545216748
PERSISTENT_DATA,4.162490421432616,4.692193966735017
