Company,RMSE (Default),RMSE (Tuned),RMSE (Averaged)
INFY_DATA,1.2941007253694672,1.1809057501628935,1.3608980776610835
LTIM_DATA,4.91837108435802,4.6431487715423705,4.804352894102784
TCS_DATA,2.891005470279509,2.6585072999935377,2.9089753217403027
WIPRO_DATA,0.4220409529409009,0.4057642227462386,0.37650877990640547
PERSISTENT_DATA,4.532313690920413,4.165192049603496,4.851651720632672
