Company,RMSE (Default),RMSE (Tuned),RMSE (Averaged)
INFY_DATA,1.1739797403151533,1.1577674816456134,1.3908350618205956
LTIM_DATA,4.35490159833124,3.961100174880566,4.161603715817647
TCS_DATA,2.5497830450568095,2.364183898919648,3.0850790042738554
WIPRO_DATA,0.4054375625409749,0.3845537288072736,0.37890345674148074
PERSISTENT_DATA,6.285053116033682,5.278462606847072,4.411538629823365
